title,price
"APPLE iPhone 11 (White, 64 GB)","₹46,999"
"APPLE iPhone 11 (Black, 64 GB)","₹46,999"
"APPLE iPhone 11 (Purple, 128 GB)","₹54,900"
"APPLE iPhone 12 (Purple, 256 GB)","₹74,999"
"APPLE iPhone 11 (Red, 128 GB)","₹54,900"
"APPLE iPhone SE (Black, 64 GB)","₹30,499"
"APPLE iPhone 11 (Red, 64 GB)","₹46,999"
"APPLE iPhone 12 (Blue, 64 GB)","₹59,999"
"APPLE iPhone 11 (Purple, 64 GB)","₹46,999"
APPLE MacBook Air M1 - (16 GB/512 GB SSD/Mac OS Big Sur) Z124J006KD,"₹1,30,490"
APPLE 2022 MacBook Pro M2 - (8 GB/256 GB SSD/Mac OS Monterey) MNEH3HN/A,"₹1,29,900"
APPLE 2020 Macbook Air M1 - (8 GB/512 GB SSD/Mac OS Big Sur) MGN73HN/A,"₹1,12,990"
APPLE EarPods with Lightning Connector Wired Headset,"₹1,649"
"APPLE iPhone 12 (Black, 256 GB)","₹74,999"
"APPLE iPhone 12 (Red, 64 GB)","₹59,999"
"APPLE iPhone 11 (Green, 128 GB)","₹54,900"
"APPLE iPhone 11 (Black, 128 GB)","₹54,900"
"APPLE iPhone 11 (Green, 64 GB)","₹46,999"
"APPLE iPhone 12 (White, 64 GB)","₹59,999"
"APPLE iPhone 11 (White, 128 GB)","₹54,900"
"APPLE iPhone 12 (Purple, 64 GB)","₹59,999"
"APPLE iPhone 13 Mini (Midnight, 128 GB)","₹64,999"
APPLE 2022 MacBook AIR M2 - (8 GB/256 GB SSD/Mac OS Monterey) MLY33HN/A,"₹1,19,900"
APPLE 2022 MacBook AIR M2 - (8 GB/256 GB SSD/Mac OS Monterey) MLXW3HN/A,"₹1,19,900"
APPLE MacBook Air M1 - (16 GB/512 GB SSD/Mac OS Big Sur) Z124J002KD,"₹1,30,990"
APPLE 20 W 3 A Mobile MHJD3HN/A Charger,"₹1,699"
"APPLE iPhone 13 Mini (Midnight, 128 GB)","₹64,999"
"APPLE iPhone 13 (Midnight, 128 GB)","₹73,999"
"APPLE iPhone 13 Mini (Starlight, 128 GB)","₹64,999"
"APPLE iPhone 12 (Purple, 64 GB)","₹59,999"
"APPLE iPhone 13 Mini ((PRODUCT)RED, 128 GB)","₹64,999"
"APPLE iPhone SE (Red, 64 GB)","₹30,499"
"APPLE iPhone 12 (White, 256 GB)","₹74,999"
"APPLE iPhone 13 (Starlight, 128 GB)","₹73,999"
"APPLE iPhone 12 Mini (White, 128 GB)","₹55,179"
APPLE 2020 Macbook Pro M1 - (8 GB/512 GB SSD/Mac OS Big Sur) MYD92HN/A,"₹1,32,990"
APPLE 2021 Macbook Pro M1 Pro - (16 GB/512 GB SSD/Mac OS Monterey) MK183HN/A,"₹2,26,990"
APPLE MacBook Pro with Touch Bar Core i5 10th Gen - (16 GB/1 TB SSD/Mac OS Catalina) MWP52HN/A,"₹1,82,490"
APPLE Airpods Pro with MagSafe Charging Case Bluetooth Headset,"₹19,990"
"APPLE iPhone 13 Mini (Blue, 128 GB)","₹64,999"
"APPLE iPhone 13 (Blue, 128 GB)","₹73,999"
"APPLE iPhone 12 (Green, 128 GB)","₹64,999"
"APPLE iPhone SE (Red, 128 GB)","₹35,499"
"APPLE iPhone 13 ((PRODUCT)RED, 128 GB)","₹73,999"
"APPLE iPhone 12 (White, 128 GB)","₹64,999"
"APPLE iPhone 12 (Red, 128 GB)","₹64,999"
"APPLE iPhone SE (White, 256 GB)","₹45,099"
"APPLE iPhone SE (Black, 128 GB)","₹35,499"
APPLE 2022 MacBook AIR M2 - (8 GB/512 GB SSD/Mac OS Monterey) MLY43HN/A,"₹1,49,900"
APPLE 2022 MacBook AIR M2 - (8 GB/512 GB SSD/Mac OS Monterey) MLXX3HN/A,"₹1,49,900"
APPLE 2020 Macbook Pro M1 - (8 GB/512 GB SSD/Mac OS Big Sur) MYDC2HN/A,"₹1,36,990"
Apple AirPods(2nd gen) with Charging Case Bluetooth Headset with Mic,"₹11,999"
"APPLE iPhone 12 Mini (Black, 128 GB)","₹55,179"
"APPLE iPhone 12 (Black, 128 GB)","₹64,999"
"APPLE iPhone 13 (Green, 128 GB)","₹73,999"
"APPLE iPhone 12 (Blue, 128 GB)","₹64,999"
"APPLE iPhone XR ((PRODUCT)RED, 64 GB)","₹40,359"
"APPLE iPhone 13 (Pink, 128 GB)","₹73,999"
"APPLE iPhone 12 Mini (Green, 64 GB)","₹54,999"
"APPLE iPhone 12 (Purple, 128 GB)","₹64,999"
"APPLE iPhone 13 Mini (Pink, 128 GB)","₹64,999"
APPLE 2022 MacBook AIR M2 - (8 GB/512 GB SSD/Mac OS Monterey) MLY03HN/A,"₹1,49,900"
APPLE 2021 Macbook Pro M1 Pro - (16 GB/512 GB SSD/Mac OS Monterey) MK1E3HN/A,"₹2,25,990"
APPLE MacBook Pro M1 - (8 GB/1 TB SSD/Mac OS Big Sur) Z11B0008S,"₹1,52,990"
APPLE Pencil (1st Gen) for iPad Stylus,"₹8,249"
"APPLE iPhone 12 (Green, 64 GB)","₹59,999"
"APPLE iPhone 12 (Red, 256 GB)","₹74,999"
"APPLE iPhone 11 (Yellow, 64 GB)","₹46,999"
"APPLE iPhone 13 Pro (Graphite, 128 GB)","₹1,19,900"
"APPLE iPhone 12 Mini (Red, 128 GB)","₹55,179"
"APPLE iPhone 13 Pro (Alpine Green, 512 GB)","₹1,49,900"
"APPLE iPhone 13 Pro Max (Gold, 1 TB)","₹1,79,900"
"APPLE iPhone 13 Pro (Gold, 256 GB)","₹1,29,900"
"APPLE iPhone 13 (Blue, 256 GB)","₹83,999"
APPLE 2021 Macbook Pro M1 Pro - (16 GB/1 TB SSD/Mac OS Monterey) MK193HN/A,"₹2,40,490"
APPLE MacBook Air Core i5 5th Gen - (8 GB/128 GB SSD/Mac OS Sierra) MQD32HN/A,"₹73,490"
APPLE 2021 Macbook Pro M1 Pro - (16 GB/1 TB SSD/Mac OS Monterey) MKGT3HN/A,"₹2,19,990"
APPLE White MMX62ZM/A Lightning to 3.5 mm Phone Converter,₹799
"APPLE iPhone 13 Pro Max (Silver, 128 GB)","₹1,29,900"
"APPLE iPhone 13 Mini ((PRODUCT)RED, 256 GB)","₹73,999"
"APPLE iPhone 13 (Starlight, 256 GB)","₹83,999"
"APPLE iPhone 13 Pro Max (Graphite, 128 GB)","₹1,29,900"
"APPLE iPhone 12 Mini (Red, 64 GB)","₹54,999"
"APPLE iPhone 13 (Pink, 256 GB)","₹83,999"
"APPLE iPhone 12 Mini (Black, 64 GB)","₹54,999"
"APPLE iPhone 12 Mini (Blue, 64 GB)","₹54,999"
"APPLE iPhone 12 Mini (Green, 128 GB)","₹55,179"
APPLE 2022 MacBook AIR M2 - (8 GB/512 GB SSD/Mac OS Monterey) MLY23HN/A,"₹1,49,900"
APPLE 2021 Macbook Pro M1 Max - (32 GB/1 TB SSD/Mac OS Monterey) MK1A3HN/A,"₹3,09,490"
APPLE 2021 Macbook Pro M1 Pro - (16 GB/1 TB SSD/Mac OS Monterey) MK1F3HN/A,"₹2,45,990"
APPLE iPad (9th Gen) 64 GB ROM 10.2 inch with Wi-Fi Only (Space Grey),"₹30,900"
"APPLE iPhone 13 Pro Max (Sierra Blue, 128 GB)","₹1,29,900"
"APPLE iPhone 13 ((PRODUCT)RED, 256 GB)","₹83,999"
"APPLE iPhone 13 Pro (Gold, 512 GB)","₹1,49,900"
"APPLE iPhone SE (3rd Gen) (Midnight, 128 GB)","₹46,900"
"APPLE iPhone 13 Pro (Graphite, 256 GB)","₹1,29,900"
"APPLE iPhone 13 (Midnight, 256 GB)","₹83,999"
"APPLE iPhone 13 Mini (Midnight, 256 GB)","₹73,999"
"APPLE iPhone 13 (Green, 256 GB)","₹83,999"
"APPLE iPhone 13 Pro (Graphite, 512 GB)","₹1,49,900"
APPLE 2021 Macbook Pro M1 Max - (32 GB/1 TB SSD/Mac OS Monterey) MK1H3HN/A,"₹3,09,990"
APPLE MacBook Pro with Touch Bar Core i5 10th Gen - (16 GB/1 TB SSD/Mac OS Catalina) MWP82HN/A,"₹1,81,490"
APPLE 2021 Macbook Pro M1 Pro - (16 GB/1 TB SSD/Mac OS Monterey) MKGQ3HN/A,"₹2,26,490"
APPLE EarPods with 3.5mm Headphone Plug Wired Headset,"₹1,900"
"APPLE iPhone 12 Mini (Blue, 256 GB)","₹64,999"
"APPLE iPhone 13 Pro Max (Alpine Green, 1 TB)","₹1,79,900"
"APPLE iPhone 13 Mini (Blue, 256 GB)","₹73,999"
"APPLE iPhone 13 mini (Green, 512 GB)","₹92,999"
"APPLE iPhone 13 Pro (Silver, 128 GB)","₹1,19,900"
"APPLE iPhone XR (White, 128 GB)","₹44,999"
"APPLE iPhone 13 Mini (Pink, 256 GB)","₹73,999"
"APPLE iPhone 12 Mini (White, 256 GB)","₹64,999"
"APPLE iPhone 12 Pro (Silver, 128 GB)","₹1,09,900"
APPLE 2022 MacBook AIR M2 - (8 GB/256 GB SSD/Mac OS Monterey) MLXY3HN/A,"₹1,19,900"
APPLE 2022 MacBook Pro M2 - (8 GB/256 GB SSD/Mac OS Monterey) MNEP3HN/A,"₹1,29,900"
APPLE 2022 MacBook Pro M2 - (8 GB/512 GB SSD/Mac OS Monterey) MNEJ3HN/A,"₹1,49,900"
APPLE Airpods (3rd Generation) Bluetooth Headset,"₹17,999"
"APPLE iPhone 12 Pro (Pacific Blue, 128 GB)","₹1,09,900"
"APPLE iPhone 11 (Yellow, 128 GB)","₹54,900"
"APPLE iPhone 13 Pro Max (Silver, 512 GB)","₹1,59,900"
"APPLE iPhone 12 Mini (Purple, 128 GB)","₹55,179"
"APPLE iPhone 12 Pro (Gold, 128 GB)","₹1,09,900"
"APPLE iPhone 12 Pro (Pacific Blue, 128 GB)","₹1,09,900"
"APPLE iPhone 13 Mini (Starlight, 512 GB)","₹93,199"
"APPLE iPhone 13 Pro Max (Silver, 512 GB)","₹1,59,900"
APPLE 2022 MacBook Pro M2 - (8 GB/512 GB SSD/Mac OS Monterey) MNEJ3HN/A,"₹1,49,900"
APPLE MacBook Pro Core i5 8th Gen - (8 GB/512 GB SSD/Mac OS Mojave) MV972HN/A,"₹1,62,990"
APPLE EarPods with 3.5mm Headphone Plug Wired Headset,"₹1,900"
"APPLE iPhone 13 Pro (Alpine Green, 256 GB)","₹1,29,900"
"APPLE iPhone 12 Mini (Purple, 256 GB)","₹64,999"
"APPLE iPhone 12 Mini (Black, 256 GB)","₹64,999"
"APPLE iPhone 12 Mini (White, 64 GB)","₹54,999"
"APPLE iPhone 13 Pro (Silver, 256 GB)","₹1,29,900"
"APPLE iPhone 13 Pro Max (Graphite, 1 TB)","₹1,79,900"
"APPLE iPhone 13 Pro (Silver, 512 GB)","₹1,49,900"
"APPLE iPhone 12 (Blue, 256 GB)","₹74,999"
"APPLE iPhone 13 Pro Max (Alpine Green, 512 GB)","₹1,59,900"
APPLE MX532ZM/A Airtag Safety Smart Tracker,"₹3,100"
"APPLE iPhone SE (Red, 256 GB)","₹45,099"
"APPLE iPhone 12 Pro (Graphite, 256 GB)","₹1,19,900"
"APPLE iPhone 13 Pro (Sierra Blue, 512 GB)","₹1,49,900"
"APPLE iPhone 13 Pro Max (Graphite, 512 GB)","₹1,59,900"
"APPLE iPhone 13 ((PRODUCT)RED, 512 GB)","₹1,04,249"
"APPLE iPhone 13 Pro (Sierra Blue, 1 TB)","₹1,69,900"
"APPLE iPhone 11 Pro Max (Midnight Green, 64 GB)","₹1,17,100"
"APPLE iPhone 13 Pro (Sierra Blue, 128 GB)","₹1,19,900"
APPLE Lightning Cable 1 A 1 m MXLY2ZM/A,"₹1,699"
"APPLE iPhone SE (Black, 256 GB)","₹45,099"
"APPLE iPhone 8 Plus (Gold, 64 GB)","₹49,900"
"APPLE iPhone 13 Pro (Gold, 1 TB)","₹1,69,900"
"APPLE iPhone 12 Pro (Graphite, 512 GB)","₹1,39,900"
"APPLE iPhone 13 (Pink, 512 GB)","₹1,04,249"
"APPLE iPhone 13 Mini (Pink, 512 GB)","₹93,199"
"APPLE iPhone 7 Plus (Black, 32 GB)","₹37,249"
"APPLE iPhone 13 Mini (Midnight, 512 GB)","₹93,199"
APPLE HomePod Mini with Siri Assistant Smart Speaker,"₹8,499"
"APPLE iPhone 13 Pro Max (Silver, 256 GB)","₹1,39,900"
"APPLE iPhone 11 Pro Max (Gold, 64 GB)","₹1,17,100"
"APPLE iPhone 13 (Blue, 512 GB)","₹1,04,249"
"Apple iPhone 11 (White, 128 GB) (Includes EarPods, Power Adapter)","₹54,900"
"APPLE iPhone 13 Pro Max (Gold, 256 GB)","₹1,39,900"
"APPLE iPhone 13 Pro Max (Graphite, 256 GB)","₹1,39,900"
"APPLE iPhone 6s (Gold, 32 GB)","₹25,399"
"APPLE iPhone 6s (Space Grey, 32 GB)","₹25,399"
"APPLE iPhone 6s (Silver, 32 GB)","₹25,399"
APPLE Pencil (2nd Generation) Stylus,"₹10,900"
"APPLE iPhone 6s (Rose Gold, 32 GB)","₹25,399"
"APPLE iPhone 13 Mini ((PRODUCT)RED, 512 GB)","₹93,199"
"APPLE iPhone 6 (Space Grey, 32 GB)","₹30,780"
"APPLE iPhone 13 Pro Max (Sierra Blue, 256 GB)","₹1,39,900"
"APPLE iPhone 12 Mini (Red, 256 GB)","₹64,999"
"APPLE iPhone 13 Pro Max (Sierra Blue, 1 TB)","₹1,79,900"
"APPLE iPhone 13 Pro Max (Silver, 1 TB)","₹1,79,900"
"APPLE iPhone 8 Plus (Silver, 256 GB)","₹84,900"
"APPLE iPhone XS (Space Grey, 512 GB)","₹1,34,899"
APPLE iPad (9th Gen) 64 GB ROM 10.2 inch with Wi-Fi Only (Silver),"₹30,900"
"APPLE iPhone 8 Plus (Space Grey, 256 GB)","₹84,900"
"APPLE iPhone 13 (Starlight, 512 GB)","₹1,04,249"
"APPLE iPhone XS Max (Space Grey, 256 GB)","₹1,24,899"
"APPLE iPhone 13 Pro Max (Gold, 128 GB)","₹1,29,900"
"APPLE iPhone 6 (Gold, 32 GB)","₹30,780"
"APPLE iPhone 13 Pro (Graphite, 1 TB)","₹1,69,900"
"APPLE iPhone 13 Pro (Alpine Green, 1 TB)","₹1,69,900"
"APPLE iPhone 8 Plus (Silver, 64 GB)","₹49,900"
"APPLE iPhone 12 Pro (Pacific Blue, 512 GB)","₹1,39,900"
APPLE USB Type C Cable 2 m MQGH2ZM/A,"₹2,900"
"APPLE iPhone 12 Pro (Gold, 512 GB)","₹1,39,900"
"APPLE iPhone 12 Pro (Silver, 512 GB)","₹1,39,900"
"APPLE iPhone 13 Pro (Silver, 1 TB)","₹1,69,900"
"APPLE iPhone 8 (Silver, 64 GB)","₹39,149"
"APPLE iPhone 12 Pro (Gold, 256 GB)","₹1,19,900"
"APPLE iPhone 13 Pro Max (Sierra Blue, 512 GB)","₹1,59,900"
"APPLE iPhone 8 Plus (Space Grey, 64 GB)","₹49,900"
"APPLE iPhone 12 Pro Max (Silver, 512 GB)","₹1,49,900"
APPLE Watch Series 6 GPS + Cellular M06M3HN/A 40 mm Silver Aluminium Case with White Sport Band,"₹49,900"
"APPLE iPhone XS (Gold, 512 GB)","₹1,34,899"
"APPLE iPhone 11 Pro Max (Space Grey, 64 GB)","₹1,17,100"
"APPLE iPhone 8 (Gold, 64 GB)","₹39,149"
"APPLE iPhone 12 Pro Max (Pacific Blue, 256 GB)","₹1,29,900"
"APPLE iPhone 12 Pro (Silver, 256 GB)","₹1,19,900"
"APPLE iPhone 8 (Space Grey, 256 GB)","₹77,000"
"APPLE iPhone 6s Plus (Rose Gold, 32 GB)","₹33,299"
"APPLE iPhone 6 (Space Grey, 16 GB)","₹51,999"
"APPLE iPhone 8 (Gold, 256 GB)","₹77,000"
APPLE HomePod Mini with Siri Assistant Smart Speaker,"₹8,499"
"APPLE iPhone 8 (Silver, 256 GB)","₹77,000"
"Apple iPhone XR (Black, 64 GB) (Includes EarPods, Power Adapter)","₹40,359"
"APPLE iPhone 13 Mini (Blue, 512 GB)","₹93,199"
"APPLE iPhone XR (White, 128 GB)","₹44,999"
"APPLE iPhone 12 Pro Max (Pacific Blue, 512 GB)","₹1,49,900"
"APPLE iPhone 12 Pro Max (Gold, 256 GB)","₹1,29,900"
"APPLE Watch Series 7 GPS + Cellular, MKHU3HN/A 41 mm Aluminium Case","₹48,000"
"APPLE iPhone 13 Pro Max (Gold, 512 GB)","₹1,59,900"
APPLE MMMQ3ZM/A Wireless Touch Mouse  with Bluetooth,"₹8,999"
Apple AirPods with Wireless Charging Case Bluetooth Headset with Mic,"₹13,990"
APPLE Watch Series 7 GPS MKMX3HN/A 41 mm Aluminium Case,"₹39,400"
"APPLE Watch Series 7 GPS + Cellular, MKHU3HN/A 41 mm Aluminium Case","₹48,000"
APPLE Watch Series 3 GPS - MTF32HN/A 42 mm Space Grey Aluminium Case with Black Sport Band,"₹22,900"
APPLE Watch Series 7 GPS MKN63HN/A 45 mm Aluminium Case,"₹44,900"
APPLE iPad (9th Gen) 256 GB ROM 10.2 inch with Wi-Fi Only (Space Grey),"₹40,900"
APPLE Watch Series 3 GPS - MTF02HN/A 38 mm Space Grey Aluminium Case with Black Sport Band,"₹20,900"
Apple MD836HN/A 12W USB Power Adapter,"₹1,700"
APPLE iPad (9th Gen) 256 GB ROM 10.2 inch with Wi-Fi Only (Silver),"₹40,900"
APPLE Watch Series 7 GPS MKMY3HN/A 41 mm Aluminium Case,"₹41,900"
APPLE iPad (9th Gen) 64 GB ROM 10.2 inch with Wi-Fi+5G (Space Grey),"₹40,990"
APPLE Apple Watch SE MYDQ2HN/A 44 mm Silver Aluminium Case with White Sport Band,"₹32,900"
APPLE Apple Watch SE MYDR2HN/A 44 mm Gold Aluminium Case with Pink Sand Sport Band,"₹32,900"
APPLE MQ052HN/A Bluetooth Multi-device Keyboard,"₹11,499"
APPLE Watch SE GPS MKQ03HN/A 40 mm Aluminium Case,"₹29,900"
APPLE Watch Series 3 MTF22HN/A 42 mm Silver Aluminum White Sport Band (GPS),"₹22,900"
APPLE Apple Watch SE MYDM2HN/A 40 mm Silver Aluminium Case with White Sport Band,"₹29,900"
APPLE ML8M2HN/A 5 W 1 A Mobile Charger,"₹1,495"
APPLE MLA22HN/A Magic Bluetooth Laptop Keyboard,"₹8,899"
APPLE iPad mini (6th Gen) 64 GB ROM 8.3 inch with Wi-Fi Only (Purple),"₹46,900"
"APPLE iPhone 7 (Gold, 32 GB)","₹25,099"
"Apple iPhone XR (White, 128 GB) (Includes EarPods, Power Adapter)","₹44,999"
"APPLE iPhone XR (White, 64 GB)","₹40,359"
"APPLE iPhone 12 Pro (Graphite, 128 GB)","₹1,09,900"
"APPLE iPhone SE (3rd Gen) (Starlight, 256 GB)","₹56,900"
"APPLE iPhone 7 (Black, 32 GB)","₹25,099"
